0,"Age,SibSp,Parch,Fare,Embarked,passenger_class,passenger_sex","[[-2.0202653 ]
 [-3.1764126 ]
 [-2.2542531 ]
 [-2.5502186 ]
 [-2.6303005 ]
 [-3.0134935 ]
 [-4.4371986 ]
 [-1.2444406 ]
 [-1.9832108 ]
 [-1.6515892 ]
 [-2.8723378 ]
 [-2.0937274 ]
 [-3.726527  ]
 [-0.77581143]]","[[ 0.8718686 ]
 [-0.87186843]]"
