0,fecha,sexo,clase,emb,edad,true_neg,false_pos,false_neg,true_pos,precision,recall,fbeta_score
0,20200628-230210,TRUE,TRUE,TRUE,TRUE,88,24,16,50,0.775280899,0.775280899,0.775280899
0,1,2,3,4,5,6,7,8,9,10,11
0,20200628-230337,True,True,True,True,88,24,16,50,0.7752808988764045,0.7752808988764045,0.7752808988764045
0,20200628-230415,True,True,True,True,88,24,16,50,0.7752808988764045,0.7752808988764045,0.7752808988764045
0,20200628-230756,True,True,True,True,87,18,17,56,0.8033707865168539,0.8033707865168539,0.8033707865168539
0,20200628-230929,True,True,True,True,91,30,16,41,0.7415730337078652,0.7415730337078652,0.7415730337078652
