0,fecha,sexo,clase,emb,edad,true_neg,false_pos,false_neg,true_pos,precision,recall,fbeta_score
0,20200628-230210,TRUE,TRUE,TRUE,TRUE,88,24,16,50,0.775280899,0.775280899,0.775280899
0,20200628-230337,TRUE,TRUE,TRUE,TRUE,88,24,16,50,0.775280899,0.775280899,0.775280899
0,20200628-230415,TRUE,TRUE,TRUE,TRUE,88,24,16,50,0.775280899,0.775280899,0.775280899
0,20200628-230756,TRUE,TRUE,TRUE,TRUE,87,18,17,56,0.803370787,0.803370787,0.803370787
0,20200628-230929,TRUE,TRUE,TRUE,TRUE,91,30,16,41,0.741573034,0.741573034,0.741573034
0,20200628-231645,TRUE,TRUE,TRUE,TRUE,88,17,16,57,0.814606742,0.814606742,0.814606742
0,20200629-080758,TRUE,TRUE,TRUE,TRUE,88,17,16,57,0.814606742,0.814606742,0.814606742
